title,domain,content_type,contains,intended_use,url
ספר קורס - שאלות שיעורי הוידאו חלק א,כללי (רב-תחומי),ספר קורס,שאלות | חומר לימוד,בנק שאלות + חומר לימוד,https://courses.campus.gov.il/assets/courseware/v1/535a1e84900729b95df7393e4dca849e/asset-v1:MSE+GOV_PsychometryHe+2018_1+type@asset+block/%D7%A1%D7%A4%D7%A8_%D7%A7%D7%95%D7%A8%D7%A1_%D7%97%D7%9C%D7%A7_%D7%90.pdf
ספר קורס - שאלות שיעורי הוידאו חלק ב,כללי (רב-תחומי),ספר קורס,שאלות | חומר לימוד,בנק שאלות + חומר לימוד,https://courses.campus.gov.il/assets/courseware/v1/1491108e8177772f97ec5dba6ead10da/asset-v1:MSE+GOV_PsychometryHe+2018_1+type@asset+block/%D7%A1%D7%A4%D7%A8_%D7%A7%D7%95%D7%A8%D7%A1_%D7%97%D7%9C%D7%A7_%D7%91.pdf
ספר קורס - שאלות שיעורי הוידאו חלק ג,כללי (רב-תחומי),ספר קורס,שאלות | חומר לימוד,בנק שאלות + חומר לימוד,https://courses.campus.gov.il/assets/courseware/v1/6187f9c444647b2859adf5add1c7f8d1/asset-v1:MSE+GOV_PsychometryHe+2018_1+type@asset+block/%D7%A1%D7%A4%D7%A8_%D7%A7%D7%95%D7%A8%D7%A1_%D7%97%D7%9C%D7%A7_%D7%92.pdf
חשיבה מילולית - חלק א,חשיבה מילולית / עברית,ספר קורס,שאלות | חומר לימוד,בנק שאלות + חומר לימוד (מילולי),https://courses.campus.gov.il/assets/courseware/v1/cf38bcfc8fc148f62110b06f40b54321/asset-v1:MSE+GOV_PsychometryHe+2018_1+type@asset+block/02_%D7%A1%D7%A4%D7%A8_%D7%9E%D7%9B%D7%A8%D7%96_%D7%97%D7%A9%D7%99%D7%91%D7%94_%D7%9E%D7%99%D7%9C%D7%95%D7%9C%D7%99%D7%AA_%D7%97%D7%9C%D7%A7_1.pdf
חשיבה מילולית - חלק ב,חשיבה מילולית / עברית,ספר קורס,שאלות | חומר לימוד,בנק שאלות + חומר לימוד (מילולי),https://courses.campus.gov.il/assets/courseware/v1/7cadf2929f0fa55877931a9aba8e294d/asset-v1:MSE+GOV_PsychometryHe+2018_1+type@asset+block/02_%D7%A1%D7%A4%D7%A8_%D7%9E%D7%9B%D7%A8%D7%96_%D7%97%D7%A9%D7%99%D7%91%D7%94_%D7%9E%D7%99%D7%9C%D7%95%D7%9C%D7%99%D7%AA_%D7%97%D7%9C%D7%A7_2.pdf
חשיבה מילולית - חלק ג,חשיבה מילולית / עברית,ספר קורס,שאלות | חומר לימוד,בנק שאלות + חומר לימוד (מילולי),https://courses.campus.gov.il/assets/courseware/v1/2027011db3f441998f8a9eeab37ecc29/asset-v1:MSE+GOV_PsychometryHe+2018_1+type@asset+block/02_%D7%A1%D7%A4%D7%A8_%D7%9E%D7%9B%D7%A8%D7%96_%D7%97%D7%A9%D7%99%D7%91%D7%94_%D7%9E%D7%99%D7%9C%D7%95%D7%9C%D7%99%D7%AA_%D7%97%D7%9C%D7%A7_3.pdf
חשיבה מילולית - חלק ד,חשיבה מילולית / עברית,ספר קורס,שאלות | חומר לימוד,בנק שאלות + חומר לימוד (מילולי),https://courses.campus.gov.il/assets/courseware/v1/b898c836f99add8b0d87f9d5f2fdbd4f/asset-v1:MSE+GOV_PsychometryHe+2018_1+type@asset+block/02_%D7%A1%D7%A4%D7%A8_%D7%9E%D7%9B%D7%A8%D7%96_%D7%97%D7%A9%D7%99%D7%91%D7%94_%D7%9E%D7%99%D7%9C%D7%95%D7%9C%D7%99%D7%AA_%D7%97%D7%9C%D7%A7_4.pdf
יסודות אנגלית,אנגלית,ספר קורס,שאלות | חומר לימוד,בנק שאלות + חומר לימוד (אנגלית),https://courses.campus.gov.il/assets/courseware/v1/8656116ac97b91529cd7333ceb2eb0e5/asset-v1:MSE+GOV_PsychometryHe+2018_1+type@asset+block/03_%D7%A1%D7%A4%D7%A8_%D7%9E%D7%9B%D7%A8%D7%96_%D7%99%D7%A1%D7%95%D7%93%D7%95%D7%AA_%D7%90%D7%A0%D7%92%D7%9C%D7%99%D7%AA.pdf
אנגלית,אנגלית,ספר קורס,שאלות | חומר לימוד,בנק שאלות + חומר לימוד (אנגלית),https://courses.campus.gov.il/assets/courseware/v1/9df364a6498a6642055258b157b6e042/asset-v1:MSE+GOV_PsychometryHe+2018_1+type@asset+block/04_%D7%A1%D7%A4%D7%A8_%D7%9E%D7%9B%D7%A8%D7%96_%D7%90%D7%92%D7%9C%D7%99%D7%AA.pdf
אלגברה,חשיבה כמותית,ספר קורס,שאלות | חומר לימוד | נוסחאות/כללים,בנק שאלות + חומר לימוד + דף נוסחאות (כמותי),https://courses.campus.gov.il/assets/courseware/v1/33a1c47ddc0bf9392bcea9be82b88b8f/asset-v1:MSE+GOV_PsychometryHe+2018_1+type@asset+block/05_%D7%A1%D7%A4%D7%A8_%D7%9E%D7%9B%D7%A8%D7%96_%D7%90%D7%9C%D7%92%D7%91%D7%A8%D7%94.pdf
בעיות,חשיבה כמותית,ספר קורס,שאלות | חומר לימוד | נוסחאות/כללים,בנק שאלות + חומר לימוד + דף נוסחאות (כמותי),https://courses.campus.gov.il/assets/courseware/v1/083f9667c3945a7cf1029430cbd09213/asset-v1:MSE+GOV_PsychometryHe+2018_1+type@asset+block/06_%D7%A1%D7%A4%D7%A8_%D7%9E%D7%9B%D7%A8%D7%96_%D7%91%D7%A2%D7%99%D7%95%D7%AA.pdf
גיאומטריה - חלק א,חשיבה כמותית,ספר קורס,שאלות | חומר לימוד | נוסחאות/כללים,בנק שאלות + חומר לימוד + דף נוסחאות (כמותי),https://courses.campus.gov.il/assets/courseware/v1/8b40ae97937231e888539c8cf070a7f8/asset-v1:MSE+GOV_PsychometryHe+2018_1+type@asset+block/07_%D7%A1%D7%A4%D7%A8_%D7%9E%D7%9B%D7%A8%D7%96_%D7%92%D7%99%D7%90%D7%95%D7%9E%D7%98%D7%A8%D7%99%D7%94_%D7%97%D7%9C%D7%A7_%D7%90.pdf
גיאומטריה - חלק ב,חשיבה כמותית,ספר קורס,שאלות | חומר לימוד | נוסחאות/כללים,בנק שאלות + חומר לימוד + דף נוסחאות (כמותי),https://courses.campus.gov.il/assets/courseware/v1/e5a732bed6cb767da8e85a5acc220a2e/asset-v1:MSE+GOV_PsychometryHe+2018_1+type@asset+block/07_%D7%A1%D7%A4%D7%A8_%D7%9E%D7%9B%D7%A8%D7%96_%D7%92%D7%99%D7%90%D7%95%D7%9E%D7%98%D7%A8%D7%99%D7%94_%D7%97%D7%9C%D7%A7_%D7%91.pdf
תרשימים - חלק א,חשיבה כמותית,ספר קורס,שאלות | חומר לימוד | נוסחאות/כללים,בנק שאלות + חומר לימוד + דף נוסחאות (כמותי),https://courses.campus.gov.il/assets/courseware/v1/8c0e2d26098ddc0b1d63e4374ab9a207/asset-v1:MSE+GOV_PsychometryHe+2018_1+type@asset+block/08_%D7%AA%D7%A8%D7%A9%D7%99%D7%9E%D7%99%D7%9D_%D7%97%D7%9C%D7%A7_%D7%90.pdf
תרשימים - חלק ב,חשיבה כמותית,ספר קורס,שאלות | חומר לימוד | נוסחאות/כללים,בנק שאלות + חומר לימוד + דף נוסחאות (כמותי),https://courses.campus.gov.il/assets/courseware/v1/322203659943710e1485b330bd9fc32c/asset-v1:MSE+GOV_PsychometryHe+2018_1+type@asset+block/08_%D7%AA%D7%A8%D7%A9%D7%99%D7%9E%D7%99%D7%9D_%D7%97%D7%9C%D7%A7_%D7%91.pdf
חזרות וניהול זמנים,כללי,חומר לימוד,מבנה מבחן | אסטרטגיה | תזמון,מבנה מבחן ותזמון,https://courses.campus.gov.il/assets/courseware/v1/9fbed2fec406fd9e395a5f2366718950/asset-v1:MSE+GOV_PsychometryHe+2018_1+type@asset+block/09_%D7%A1%D7%A4%D7%A8_%D7%9E%D7%9B%D7%A8%D7%96_%D7%97%D7%96%D7%A8%D7%95%D7%AA_%D7%95%D7%A0%D7%99%D7%94%D7%95%D7%9C_%D7%96%D7%9E%D7%A0%D7%99%D7%9D.pdf
גיליון תשובות לסימולציה,כללי,גיליון תשובות,מבנה גיליון תשובות,התנהגות גיליון תשובות במצב סימולציה,https://courses.campus.gov.il/assets/courseware/v1/ed1bb3171cccd1751fd16bcf7895d6a5/asset-v1:MSE+GOV_PsychometryHe+2018_1+type@asset+block/%D7%92%D7%99%D7%9C%D7%99%D7%95%D7%9F_%D7%AA%D7%A9%D7%95%D7%91%D7%95%D7%AA_%D7%9C%D7%A1%D7%99%D7%9E%D7%95%D7%9C%D7%A6%D7%99%D7%94.pdf
גיליון כתיבה לחיבור,מטלת כתיבה,גיליון כתיבה,מבנה גיליון כתיבה,מטלת כתיבה במצב סימולציה,https://courses.campus.gov.il/assets/courseware/v1/be7a6e38d06496181c006c3dab1c6213/asset-v1:MSE+GOV_PsychometryHe+2018_1+type@asset+block/%D7%92%D7%99%D7%9C%D7%99%D7%95%D7%9F_%D7%9B%D7%AA%D7%99%D7%91%D7%94_%D7%9C%D7%97%D7%99%D7%91%D7%95%D7%A8.pdf
רשימת תיקונים לסימולציות,כללי,רשימת תיקונים (errata),תיקונים לתשובות/שאלות,החלת תיקונים בעת קליטת נתונים — קריטי לשלמות מידע,https://courses.campus.gov.il/assets/courseware/v1/1489be33f27d8b5d037108226bc1f2cb/asset-v1:MSE+GOV_PsychometryHe+2018_1+type@asset+block/%D7%A8%D7%A9%D7%99%D7%9E%D7%AA_%D7%AA%D7%99%D7%A7%D7%95%D7%A0%D7%99%D7%9D_%D7%9C%D7%A1%D7%99%D7%9E%D7%95%D7%9C%D7%A6%D7%99%D7%95%D7%AA.pdf
סימולציה קמפוס 1,כללי (מבחן מלא),סימולציה,שאלות | מבנה מבחן | תזמון,בנק שאלות רשמי + מצב סימולציה,https://courses.campus.gov.il/assets/courseware/v1/077fbc5bb535c69cf24f13ae651e095b/asset-v1:MSE+GOV_PsychometryHe+2018_1+type@asset+block/סימולציה_קמפוס_1.pdf
פתרונות סימולציה 1,כללי (מבחן מלא),פתרונות סימולציה,תשובות | הסברים,הסברים רשמיים למצב תרגול/סימולציה,https://courses.campus.gov.il/assets/courseware/v1/8c40c27fc38f5abf86398ada0ca048d2/asset-v1:MSE+GOV_PsychometryHe+2018_1+type@asset+block/פתרונות_סימולציה_1.pdf
סימולציה קמפוס 2,כללי (מבחן מלא),סימולציה,שאלות | מבנה מבחן | תזמון,בנק שאלות רשמי + מצב סימולציה,https://courses.campus.gov.il/assets/courseware/v1/5bb25b5891848e79d2854322095f4a86/asset-v1:MSE+GOV_PsychometryHe+2018_1+type@asset+block/סימולציה_קמפוס_2.pdf
פתרונות סימולציה 2,כללי (מבחן מלא),פתרונות סימולציה,תשובות | הסברים,הסברים רשמיים למצב תרגול/סימולציה,https://courses.campus.gov.il/assets/courseware/v1/4724121ef378bc05bb49eaa25bda93e0/asset-v1:MSE+GOV_PsychometryHe+2018_1+type@asset+block/פתרונות_סימולציה_2.pdf
סימולציה קמפוס 3,כללי (מבחן מלא),סימולציה,שאלות | מבנה מבחן | תזמון,בנק שאלות רשמי + מצב סימולציה,https://courses.campus.gov.il/assets/courseware/v1/dabeac9560e6eb0bfe869e73b05865b3/asset-v1:MSE+GOV_PsychometryHe+2018_1+type@asset+block/סימולציה_קמפוס_3.pdf
פתרונות סימולציה 3,כללי (מבחן מלא),פתרונות סימולציה,תשובות | הסברים,הסברים רשמיים למצב תרגול/סימולציה,https://courses.campus.gov.il/assets/courseware/v1/737498e424c04c6b6d7817c5d75d90c5/asset-v1:MSE+GOV_PsychometryHe+2018_1+type@asset+block/פתרונות_סימולציה_3.pdf
סימולציה קמפוס 4,כללי (מבחן מלא),סימולציה,שאלות | מבנה מבחן | תזמון,בנק שאלות רשמי + מצב סימולציה,https://courses.campus.gov.il/assets/courseware/v1/abc45e17005de63fede497bfeb15daa1/asset-v1:MSE+GOV_PsychometryHe+2018_1+type@asset+block/סימולציה_קמפוס_4.pdf
פתרונות סימולציה 4,כללי (מבחן מלא),פתרונות סימולציה,תשובות | הסברים,הסברים רשמיים למצב תרגול/סימולציה,https://courses.campus.gov.il/assets/courseware/v1/601a88bcb7857589f5eac8ca3b336ee7/asset-v1:MSE+GOV_PsychometryHe+2018_1+type@asset+block/פתרונות_סימולציה_4.pdf
סימולציה קמפוס 5,כללי (מבחן מלא),סימולציה,שאלות | מבנה מבחן | תזמון,בנק שאלות רשמי + מצב סימולציה,https://courses.campus.gov.il/assets/courseware/v1/18c357732ecf69fe2afa209f0e837e58/asset-v1:MSE+GOV_PsychometryHe+2018_1+type@asset+block/סימולציה_קמפוס_5.pdf
פתרונות סימולציה 5,כללי (מבחן מלא),פתרונות סימולציה,תשובות | הסברים,הסברים רשמיים למצב תרגול/סימולציה,https://courses.campus.gov.il/assets/courseware/v1/27c86a9310702d8719227c2676ad4d64/asset-v1:MSE+GOV_PsychometryHe+2018_1+type@asset+block/פתרונות_סימולציה_5.pdf
סימולציה קמפוס 6,כללי (מבחן מלא),סימולציה,שאלות | מבנה מבחן | תזמון,בנק שאלות רשמי + מצב סימולציה,https://courses.campus.gov.il/assets/courseware/v1/a169baeab01a3724cb292a2c4ee690f9/asset-v1:MSE+GOV_PsychometryHe+2018_1+type@asset+block/סימולציה_קמפוס_6.pdf
פתרונות סימולציה 6,כללי (מבחן מלא),פתרונות סימולציה,תשובות | הסברים,הסברים רשמיים למצב תרגול/סימולציה,https://courses.campus.gov.il/assets/courseware/v1/178f49a198e6b9c687d450d78e6a3fb4/asset-v1:MSE+GOV_PsychometryHe+2018_1+type@asset+block/פתרונות_סימולציה_6.pdf
סימולציה קמפוס 7,כללי (מבחן מלא),סימולציה,שאלות | מבנה מבחן | תזמון,בנק שאלות רשמי + מצב סימולציה,https://courses.campus.gov.il/assets/courseware/v1/c1ebfbec19a32fbcdac173cafeacb5a5/asset-v1:MSE+GOV_PsychometryHe+2018_1+type@asset+block/סימולציה_קמפוס_7.pdf
פתרונות סימולציה 7,כללי (מבחן מלא),פתרונות סימולציה,תשובות | הסברים,הסברים רשמיים למצב תרגול/סימולציה,https://courses.campus.gov.il/assets/courseware/v1/d69d346dafc8fe92e6912379ef8c7f72/asset-v1:MSE+GOV_PsychometryHe+2018_1+type@asset+block/פתרונות_סימולציה_7.pdf
סימולציה קמפוס 8,כללי (מבחן מלא),סימולציה,שאלות | מבנה מבחן | תזמון,בנק שאלות רשמי + מצב סימולציה,https://courses.campus.gov.il/assets/courseware/v1/61914e25553290b0a673052cab943399/asset-v1:MSE+GOV_PsychometryHe+2018_1+type@asset+block/סימולציה_קמפוס_8.pdf
פתרונות סימולציה 8,כללי (מבחן מלא),פתרונות סימולציה,תשובות | הסברים,הסברים רשמיים למצב תרגול/סימולציה,https://courses.campus.gov.il/assets/courseware/v1/117a9aa8407a9046b9cd4a442eaa1bb3/asset-v1:MSE+GOV_PsychometryHe+2018_1+type@asset+block/פתרונות_סימולציה_8.pdf
סימולציה קמפוס 9,כללי (מבחן מלא),סימולציה,שאלות | מבנה מבחן | תזמון,בנק שאלות רשמי + מצב סימולציה,https://courses.campus.gov.il/assets/courseware/v1/90b1279cfc59e47ba5d4eea25be278e0/asset-v1:MSE+GOV_PsychometryHe+2018_1+type@asset+block/סימולציה_קמפוס_9.pdf
פתרונות סימולציה 9,כללי (מבחן מלא),פתרונות סימולציה,תשובות | הסברים,הסברים רשמיים למצב תרגול/סימולציה,https://courses.campus.gov.il/assets/courseware/v1/552f1dc0cce2a4f65f7b1622503b5043/asset-v1:MSE+GOV_PsychometryHe+2018_1+type@asset+block/פתרונות_סימולציה_9.pdf
סימולציה קמפוס 10,כללי (מבחן מלא),סימולציה,שאלות | מבנה מבחן | תזמון,בנק שאלות רשמי + מצב סימולציה,https://courses.campus.gov.il/assets/courseware/v1/372e244a8dc4fad42922eeff60d749d9/asset-v1:MSE+GOV_PsychometryHe+2018_1+type@asset+block/סימולציה_קמפוס_10.pdf
פתרונות סימולציה 10,כללי (מבחן מלא),פתרונות סימולציה,תשובות | הסברים,הסברים רשמיים למצב תרגול/סימולציה,https://courses.campus.gov.il/assets/courseware/v1/71489f9029b62a95cda5d5d946b14595/asset-v1:MSE+GOV_PsychometryHe+2018_1+type@asset+block/פתרונות_סימולציה_10.pdf
סימולציה קמפוס 11,כללי (מבחן מלא),סימולציה,שאלות | מבנה מבחן | תזמון,בנק שאלות רשמי + מצב סימולציה,https://courses.campus.gov.il/assets/courseware/v1/bdaf78b857d7a0a34fce47e55ffb6860/asset-v1:MSE+GOV_PsychometryHe+2018_1+type@asset+block/סימולציה_קמפוס_11.pdf
פתרונות סימולציה 11,כללי (מבחן מלא),פתרונות סימולציה,תשובות | הסברים,הסברים רשמיים למצב תרגול/סימולציה,https://courses.campus.gov.il/assets/courseware/v1/4b85d26ae003e1cb6b9d7851d1c6c7ff/asset-v1:MSE+GOV_PsychometryHe+2018_1+type@asset+block/פתרונות_סימולציה_11.pdf
סימולציה קמפוס 12,כללי (מבחן מלא),סימולציה,שאלות | מבנה מבחן | תזמון,בנק שאלות רשמי + מצב סימולציה,https://courses.campus.gov.il/assets/courseware/v1/2ff4acf58a4716e5fe5d0faa5bc98704/asset-v1:MSE+GOV_PsychometryHe+2018_1+type@asset+block/סימולציה_קמפוס_12.pdf
פתרונות סימולציה 12,כללי (מבחן מלא),פתרונות סימולציה,תשובות | הסברים,הסברים רשמיים למצב תרגול/סימולציה,https://courses.campus.gov.il/assets/courseware/v1/c05de007f3e097ba337f209acd11c95c/asset-v1:MSE+GOV_PsychometryHe+2018_1+type@asset+block/פתרונות_סימולציה_12.pdf
סימולציה קמפוס 13,כללי (מבחן מלא),סימולציה,שאלות | מבנה מבחן | תזמון,בנק שאלות רשמי + מצב סימולציה,https://courses.campus.gov.il/assets/courseware/v1/806fd2968f83252f234df5ef9f564dc5/asset-v1:MSE+GOV_PsychometryHe+2018_1+type@asset+block/סימולציה_קמפוס_13.pdf
פתרונות סימולציה 13,כללי (מבחן מלא),פתרונות סימולציה,תשובות | הסברים,הסברים רשמיים למצב תרגול/סימולציה,https://courses.campus.gov.il/assets/courseware/v1/006117a303a424a5abf20e32ced36e57/asset-v1:MSE+GOV_PsychometryHe+2018_1+type@asset+block/פתרונות_סימולציה_13.pdf
סימולציה קמפוס 14,כללי (מבחן מלא),סימולציה,שאלות | מבנה מבחן | תזמון,בנק שאלות רשמי + מצב סימולציה,https://courses.campus.gov.il/assets/courseware/v1/695c5577a331402df6190e8774ca0f62/asset-v1:MSE+GOV_PsychometryHe+2018_1+type@asset+block/סימולציה_קמפוס_14.pdf
פתרונות סימולציה 14,כללי (מבחן מלא),פתרונות סימולציה,תשובות | הסברים,הסברים רשמיים למצב תרגול/סימולציה,https://courses.campus.gov.il/assets/courseware/v1/10b9035a267d14bbf11260f093532f5a/asset-v1:MSE+GOV_PsychometryHe+2018_1+type@asset+block/פתרונות_סימולציה_14.pdf
סימולציה קמפוס 15,כללי (מבחן מלא),סימולציה,שאלות | מבנה מבחן | תזמון,בנק שאלות רשמי + מצב סימולציה,https://courses.campus.gov.il/assets/courseware/v1/b8327e738bf4c9e603766bd0c61fc140/asset-v1:MSE+GOV_PsychometryHe+2018_1+type@asset+block/סימולציה_קמפוס_15.pdf
פתרונות סימולציה 15,כללי (מבחן מלא),פתרונות סימולציה,תשובות | הסברים,הסברים רשמיים למצב תרגול/סימולציה,https://courses.campus.gov.il/assets/courseware/v1/014d8690e4156631a488e8ee06065bbf/asset-v1:MSE+GOV_PsychometryHe+2018_1+type@asset+block/פתרונות_סימולציה_15.pdf
סימולציה קמפוס 16,כללי (מבחן מלא),סימולציה,שאלות | מבנה מבחן | תזמון,בנק שאלות רשמי + מצב סימולציה,https://courses.campus.gov.il/assets/courseware/v1/e057e92917aaa4563ac1a01bde88c424/asset-v1:MSE+GOV_PsychometryHe+2018_1+type@asset+block/סימולציה_קמפוס_16.pdf
פתרונות סימולציה 16,כללי (מבחן מלא),פתרונות סימולציה,תשובות | הסברים,הסברים רשמיים למצב תרגול/סימולציה,https://courses.campus.gov.il/assets/courseware/v1/fabe3b1d8046aee310bfd4b66822e050/asset-v1:MSE+GOV_PsychometryHe+2018_1+type@asset+block/פתרונות_סימולציה_16.pdf
סימולציה קמפוס 17,כללי (מבחן מלא),סימולציה,שאלות | מבנה מבחן | תזמון,בנק שאלות רשמי + מצב סימולציה,https://courses.campus.gov.il/assets/courseware/v1/96f58a7e7558015ec0cd28564c6f5f77/asset-v1:MSE+GOV_PsychometryHe+2018_1+type@asset+block/סימולציה_קמפוס_17.pdf
פתרונות סימולציה 17,כללי (מבחן מלא),פתרונות סימולציה,תשובות | הסברים,הסברים רשמיים למצב תרגול/סימולציה,https://courses.campus.gov.il/assets/courseware/v1/6225650f9d8e54368d6ab48462ad3db0/asset-v1:MSE+GOV_PsychometryHe+2018_1+type@asset+block/פתרונות_סימולציה_17.pdf
סימולציה קמפוס 18,כללי (מבחן מלא),סימולציה,שאלות | מבנה מבחן | תזמון,בנק שאלות רשמי + מצב סימולציה,https://courses.campus.gov.il/assets/courseware/v1/2a650cffe7e29e122ebfcab7116b1f51/asset-v1:MSE+GOV_PsychometryHe+2018_1+type@asset+block/סימולציה_קמפוס_18.pdf
פתרונות סימולציה 18,כללי (מבחן מלא),פתרונות סימולציה,תשובות | הסברים,הסברים רשמיים למצב תרגול/סימולציה,https://courses.campus.gov.il/assets/courseware/v1/df503864963e57a6e4d139bf8c213000/asset-v1:MSE+GOV_PsychometryHe+2018_1+type@asset+block/פתרונות_סימולציה_18.pdf
סימולציה קמפוס 19,כללי (מבחן מלא),סימולציה,שאלות | מבנה מבחן | תזמון,בנק שאלות רשמי + מצב סימולציה,https://courses.campus.gov.il/assets/courseware/v1/3bc8ac5acc21d1ecddad9e6a9139ec9b/asset-v1:MSE+GOV_PsychometryHe+2018_1+type@asset+block/סימולציה_קמפוס_19.pdf
פתרונות סימולציה 19,כללי (מבחן מלא),פתרונות סימולציה,תשובות | הסברים,הסברים רשמיים למצב תרגול/סימולציה,https://courses.campus.gov.il/assets/courseware/v1/73f25f607bafce3634a5fc42680661d5/asset-v1:MSE+GOV_PsychometryHe+2018_1+type@asset+block/פתרונות_סימולציה_19.pdf
סימולציה קמפוס 20,כללי (מבחן מלא),סימולציה,שאלות | מבנה מבחן | תזמון,בנק שאלות רשמי + מצב סימולציה,https://courses.campus.gov.il/assets/courseware/v1/5b2e3a4519b45a6ec26581bb408c9418/asset-v1:MSE+GOV_PsychometryHe+2018_1+type@asset+block/סימולציה_קמפוס_20.pdf
פתרונות סימולציה 20,כללי (מבחן מלא),פתרונות סימולציה,תשובות | הסברים,הסברים רשמיים למצב תרגול/סימולציה,https://courses.campus.gov.il/assets/courseware/v1/80eda1112670102e86fccfef8671a499/asset-v1:MSE+GOV_PsychometryHe+2018_1+type@asset+block/פתרונות_סימולציה_20.pdf
פתרונות - סתיו Cmp 2018,כללי (מבחני עבר),פתרונות מבחן עבר,תשובות | הסברים,הסברים רשמיים / בנק שאלות ממבחני עבר,https://courses.campus.gov.il/assets/courseware/v1/7349514bdd7ea5ea064d7613597bc1f2/asset-v1:MSE+GOV_PsychometryHe+2018_1+type@asset+block/Sol_1809.pdf
פתרונות - חורף Cmp 2018,כללי (מבחני עבר),פתרונות מבחן עבר,תשובות | הסברים,הסברים רשמיים / בנק שאלות ממבחני עבר,https://courses.campus.gov.il/assets/courseware/v1/ff37f3cdb29f72e8ad5c13e8fd9189e5/asset-v1:MSE+GOV_PsychometryHe+2018_1+type@asset+block/Sol_1812.pdf
פתרונות - אביב Cmp 2019,כללי (מבחני עבר),פתרונות מבחן עבר,תשובות | הסברים,הסברים רשמיים / בנק שאלות ממבחני עבר,https://courses.campus.gov.il/assets/courseware/v1/2b4f4e35f5dc8119a3f2a8ab21ce08d7/asset-v1:MSE+GOV_PsychometryHe+2018_1+type@asset+block/Sol_1904.pdf
פתרונות - קיץ Cmp 2019,כללי (מבחני עבר),פתרונות מבחן עבר,תשובות | הסברים,הסברים רשמיים / בנק שאלות ממבחני עבר,https://courses.campus.gov.il/assets/courseware/v1/8fefb7088e657f4ab584489e902bf215/asset-v1:MSE+GOV_PsychometryHe+2018_1+type@asset+block/Sol_1907.pdf
פתרונות - סתיו Cmp 2019,כללי (מבחני עבר),פתרונות מבחן עבר,תשובות | הסברים,הסברים רשמיים / בנק שאלות ממבחני עבר,https://courses.campus.gov.il/assets/courseware/v1/ef29e68a4e76339618524a3c237e39a1/asset-v1:MSE+GOV_PsychometryHe+2018_1+type@asset+block/Sol_1909.pdf
פתרונות - חורף Cmp 2019,כללי (מבחני עבר),פתרונות מבחן עבר,תשובות | הסברים,הסברים רשמיים / בנק שאלות ממבחני עבר,https://courses.campus.gov.il/assets/courseware/v1/e147dfa687948c434521c8b97072ba03/asset-v1:MSE+GOV_PsychometryHe+2018_1+type@asset+block/Sol_1912.pdf
פתרונות - אביב Cmp 2020,כללי (מבחני עבר),פתרונות מבחן עבר,תשובות | הסברים,הסברים רשמיים / בנק שאלות ממבחני עבר,https://courses.campus.gov.il/assets/courseware/v1/8f412bfd753db367d3cc6608cbd82d94/asset-v1:MSE+GOV_PsychometryHe+2018_1+type@asset+block/Sol_2004.pdf
פתרונות - קיץ Cmp 2020,כללי (מבחני עבר),פתרונות מבחן עבר,תשובות | הסברים,הסברים רשמיים / בנק שאלות ממבחני עבר,https://courses.campus.gov.il/assets/courseware/v1/b984f457b6779302d26be4f10b5d4a33/asset-v1:MSE+GOV_PsychometryHe+2018_1+type@asset+block/Sol_2007.pdf
פתרונות - סתיו Cmp 2020,כללי (מבחני עבר),פתרונות מבחן עבר,תשובות | הסברים,הסברים רשמיים / בנק שאלות ממבחני עבר,https://courses.campus.gov.il/assets/courseware/v1/d0aa17d0db023dba6b3e3ff3796307f1/asset-v1:MSE+GOV_PsychometryHe+2018_1+type@asset+block/Sol_2009.pdf
פתרונות - חורף Cmp 2020,כללי (מבחני עבר),פתרונות מבחן עבר,תשובות | הסברים,הסברים רשמיים / בנק שאלות ממבחני עבר,https://courses.campus.gov.il/assets/courseware/v1/5582bf56c43ccbf469cfa1b07a127532/asset-v1:MSE+GOV_PsychometryHe+2018_1+type@asset+block/Sol_2012.pdf
פתרונות - אביב Cmp 2021,כללי (מבחני עבר),פתרונות מבחן עבר,תשובות | הסברים,הסברים רשמיים / בנק שאלות ממבחני עבר,https://courses.campus.gov.il/assets/courseware/v1/29c2db5ee16a3735e858d29e26f392cd/asset-v1:MSE+GOV_PsychometryHe+2018_1+type@asset+block/Sol_2103.pdf
פתרונות - קיץ Cmp 2021,כללי (מבחני עבר),פתרונות מבחן עבר,תשובות | הסברים,הסברים רשמיים / בנק שאלות ממבחני עבר,https://courses.campus.gov.il/assets/courseware/v1/fb0b88de27ed0c2625069eca091020b4/asset-v1:MSE+GOV_PsychometryHe+2018_1+type@asset+block/Sol_2107.pdf
פתרונות - סתיו Cmp 2021,כללי (מבחני עבר),פתרונות מבחן עבר,תשובות | הסברים,הסברים רשמיים / בנק שאלות ממבחני עבר,https://courses.campus.gov.il/assets/courseware/v1/025136cd8d0616b704b74f266a1de9dd/asset-v1:MSE+GOV_PsychometryHe+2018_1+type@asset+block/Sol_2109.pdf
פתרונות - חורף Cmp 2021,כללי (מבחני עבר),פתרונות מבחן עבר,תשובות | הסברים,הסברים רשמיים / בנק שאלות ממבחני עבר,https://courses.campus.gov.il/assets/courseware/v1/2e4d2357044c52311a8069c1ca3314b7/asset-v1:MSE+GOV_PsychometryHe+2018_1+type@asset+block/Sol_2112.pdf
פתרונות - אביב Cmp 2022,כללי (מבחני עבר),פתרונות מבחן עבר,תשובות | הסברים,הסברים רשמיים / בנק שאלות ממבחני עבר,https://courses.campus.gov.il/assets/courseware/v1/1444adc7326e6a8a2265a772b46208e2/asset-v1:MSE+GOV_PsychometryHe+2018_1+type@asset+block/Sol_2204.pdf
פתרונות - קיץ Cmp 2022,כללי (מבחני עבר),פתרונות מבחן עבר,תשובות | הסברים,הסברים רשמיים / בנק שאלות ממבחני עבר,https://courses.campus.gov.il/assets/courseware/v1/811479ec23535cb0fca4a63f3a7e5c13/asset-v1:MSE+GOV_PsychometryHe+2018_1+type@asset+block/Sol_2207.pdf
פתרונות - סתיו Cmp 2022,כללי (מבחני עבר),פתרונות מבחן עבר,תשובות | הסברים,הסברים רשמיים / בנק שאלות ממבחני עבר,https://courses.campus.gov.il/assets/courseware/v1/f0bd6979cc5f37b8d9171b7600d6416b/asset-v1:MSE+GOV_PsychometryHe+2018_1+type@asset+block/Sol_2209.pdf
פתרונות - חורף Cmp 2022,כללי (מבחני עבר),פתרונות מבחן עבר,תשובות | הסברים,הסברים רשמיים / בנק שאלות ממבחני עבר,https://courses.campus.gov.il/assets/courseware/v1/3f7997c31619ffc6bd45ff118a886357/asset-v1:MSE+GOV_PsychometryHe+2018_1+type@asset+block/Sol_2212.pdf
פתרונות - אביב Cmp 2023,כללי (מבחני עבר),פתרונות מבחן עבר,תשובות | הסברים,הסברים רשמיים / בנק שאלות ממבחני עבר,https://courses.campus.gov.il/assets/courseware/v1/b0a7b8e02f75f01a870cdcf70ed1cfd3/asset-v1:MSE+GOV_PsychometryHe+2018_1+type@asset+block/Sol_2304.pdf
פתרונות - קיץ Cmp 2023,כללי (מבחני עבר),פתרונות מבחן עבר,תשובות | הסברים,הסברים רשמיים / בנק שאלות ממבחני עבר,https://courses.campus.gov.il/assets/courseware/v1/19bd627aae889428d22c00e5b837beea/asset-v1:MSE+GOV_PsychometryHe+2018_1+type@asset+block/Sol_2307.pdf
פתרונות מלאים אפריל 2016,כללי (מבחני עבר),פתרונות מבחן עבר,תשובות | הסברים,הסברים רשמיים / בנק שאלות ממבחני עבר,https://courses.campus.gov.il/assets/courseware/v1/41f7cac56edf3cbc52734975b330700d/asset-v1:MSE+GOV_PsychometryHe+2018_1+type@asset+block/01_תשובות_אפריל_2016.pdf
פתרונות מלאים יולי 2016,כללי (מבחני עבר),פתרונות מבחן עבר,תשובות | הסברים,הסברים רשמיים / בנק שאלות ממבחני עבר,https://courses.campus.gov.il/assets/courseware/v1/e0477955f8fc33f55fdf4343c91f8a3e/asset-v1:MSE+GOV_PsychometryHe+2018_1+type@asset+block/02_תשובות_יולי_2016.pdf
פתרונות מלאים ספטמבר 2016,כללי (מבחני עבר),פתרונות מבחן עבר,תשובות | הסברים,הסברים רשמיים / בנק שאלות ממבחני עבר,https://courses.campus.gov.il/assets/courseware/v1/cfb162e0cfa28f1c0c57b7360accd9f1/asset-v1:MSE+GOV_PsychometryHe+2018_1+type@asset+block/03_תשובות_ספטמבר_2016.pdf
פתרונות מלאים דצמבר 2016,כללי (מבחני עבר),פתרונות מבחן עבר,תשובות | הסברים,הסברים רשמיים / בנק שאלות ממבחני עבר,https://courses.campus.gov.il/assets/courseware/v1/59724611c4fedd32545aabb0666a6b0e/asset-v1:MSE+GOV_PsychometryHe+2018_1+type@asset+block/04_תשובות_דצמבר_2016.pdf
פתרונות מלאים אפריל 2017,כללי (מבחני עבר),פתרונות מבחן עבר,תשובות | הסברים,הסברים רשמיים / בנק שאלות ממבחני עבר,https://courses.campus.gov.il/assets/courseware/v1/92931c6253b2fa0be25fdd423005914b/asset-v1:MSE+GOV_PsychometryHe+2018_1+type@asset+block/05_תשובות_אפריל_2017.pdf
פתרונות מלאים יולי 2017,כללי (מבחני עבר),פתרונות מבחן עבר,תשובות | הסברים,הסברים רשמיים / בנק שאלות ממבחני עבר,https://courses.campus.gov.il/assets/courseware/v1/c66c4128ec06072115c5d7600d16b082/asset-v1:MSE+GOV_PsychometryHe+2018_1+type@asset+block/06_תשובות_יולי_2017.pdf
פתרונות מלאים ספטמבר 2017,כללי (מבחני עבר),פתרונות מבחן עבר,תשובות | הסברים,הסברים רשמיים / בנק שאלות ממבחני עבר,https://courses.campus.gov.il/assets/courseware/v1/06ee57ed7c0a3feb288a38da5870ab6f/asset-v1:MSE+GOV_PsychometryHe+2018_1+type@asset+block/07_תשובות_ספטמבר_2017.pdf
פתרונות מלאים דצמבר 2017,כללי (מבחני עבר),פתרונות מבחן עבר,תשובות | הסברים,הסברים רשמיים / בנק שאלות ממבחני עבר,https://courses.campus.gov.il/assets/courseware/v1/2f98bd2577e81ebce531287b48593f44/asset-v1:MSE+GOV_PsychometryHe+2018_1+type@asset+block/08_תשובות_דצמבר_2017.pdf
פתרונות מלאים אביב (אפריל) 2018,כללי (מבחני עבר),פתרונות מבחן עבר,תשובות | הסברים,הסברים רשמיים / בנק שאלות ממבחני עבר,https://courses.campus.gov.il/assets/courseware/v1/b16dc4653c9b37d518586520ccdb1074/asset-v1:MSE+GOV_PsychometryHe+2018_1+type@asset+block/09_תשובות_אפריל_2018.pdf
פתרונות מלאים קיץ (יולי) 2018,כללי (מבחני עבר),פתרונות מבחן עבר,תשובות | הסברים,הסברים רשמיים / בנק שאלות ממבחני עבר,https://courses.campus.gov.il/assets/courseware/v1/94efd9a56ea9277be7675129c968c317/asset-v1:MSE+GOV_PsychometryHe+2018_1+type@asset+block/10_תשובות_יולי_2018.pdf
פתרונות מלאים קיץ יולי 2019,כללי (מבחני עבר),פתרונות מבחן עבר,תשובות | הסברים,הסברים רשמיים / בנק שאלות ממבחני עבר,https://courses.campus.gov.il/assets/courseware/v1/3e0ad3552513c3b9207bf80bb09fd40b/asset-v1:MSE+GOV_PsychometryHe+2018_1+type@asset+block/11_פתרונות_מלאים_קיץ_יולי_2019.pdf
פתרונות מלאים סתיו ספטמבר 2019,כללי (מבחני עבר),פתרונות מבחן עבר,תשובות | הסברים,הסברים רשמיים / בנק שאלות ממבחני עבר,https://courses.campus.gov.il/assets/courseware/v1/5e0c9da64a7dc139aa192c9ea84d9954/asset-v1:MSE+GOV_PsychometryHe+2018_1+type@asset+block/12_פתרונות_מלאים_סתיו_ספטמבר_2019.pdf
פתרונות מלאים חורף דצמבר 2019,כללי (מבחני עבר),פתרונות מבחן עבר,תשובות | הסברים,הסברים רשמיים / בנק שאלות ממבחני עבר,https://courses.campus.gov.il/assets/courseware/v1/8c7a338bec26dd8277bc0cc50c8f1c68/asset-v1:MSE+GOV_PsychometryHe+2018_1+type@asset+block/13_פתרונות_מלאים_חורף_דצמבר_2019.pdf
פתרונות מלאים אביב אפריל 2020,כללי (מבחני עבר),פתרונות מבחן עבר,תשובות | הסברים,הסברים רשמיים / בנק שאלות ממבחני עבר,https://courses.campus.gov.il/assets/courseware/v1/6fd9b7fcb0dd07d4babb5809dd21a9f1/asset-v1:MSE+GOV_PsychometryHe+2018_1+type@asset+block/14_פתרונות_מלאים_אביב_אפריל_2020.pdf
פתרונות מלאים קיץ יולי 2020,כללי (מבחני עבר),פתרונות מבחן עבר,תשובות | הסברים,הסברים רשמיים / בנק שאלות ממבחני עבר,https://courses.campus.gov.il/assets/courseware/v1/fa3a5e324bb09f7199da28ec0f6b23e9/asset-v1:MSE+GOV_PsychometryHe+2018_1+type@asset+block/15_פתרונות_מלאים_קיץ_יולי_2020.pdf
פתרונות מלאים סתיו ספטמבר 2020,כללי (מבחני עבר),פתרונות מבחן עבר,תשובות | הסברים,הסברים רשמיים / בנק שאלות ממבחני עבר,https://courses.campus.gov.il/assets/courseware/v1/e642391d08d242c32910d10638874619/asset-v1:MSE+GOV_PsychometryHe+2018_1+type@asset+block/16_פתרונות_מלאים_סתיו_ספטמבר_2020.pdf
פתרונות מלאים חורף דצמבר 2020,כללי (מבחני עבר),פתרונות מבחן עבר,תשובות | הסברים,הסברים רשמיים / בנק שאלות ממבחני עבר,https://courses.campus.gov.il/assets/courseware/v1/f9f83533acdf32075ed6ea4b1d1d837d/asset-v1:MSE+GOV_PsychometryHe+2018_1+type@asset+block/17_פתרונות_מלאים_חורף_דצמבר_2020.pdf
פתרונות מלאים אביב מרץ 2021,כללי (מבחני עבר),פתרונות מבחן עבר,תשובות | הסברים,הסברים רשמיים / בנק שאלות ממבחני עבר,https://courses.campus.gov.il/assets/courseware/v1/d9b938f1c970b9793bdc8411db3ea03a/asset-v1:MSE+GOV_PsychometryHe+2018_1+type@asset+block/18_פתרונות_מלאים_אביב_מרץ_2021.pdf
פתרונות מלאים קיץ יולי 2021,כללי (מבחני עבר),פתרונות מבחן עבר,תשובות | הסברים,הסברים רשמיים / בנק שאלות ממבחני עבר,https://courses.campus.gov.il/assets/courseware/v1/1f767b4edc6fe3d8c51957259cd0c60a/asset-v1:MSE+GOV_PsychometryHe+2018_1+type@asset+block/19_פתרונות_מלאים_קיץ_יולי_2021.pdf
פתרונות מלאים סתיו ספטמבר 2021,כללי (מבחני עבר),פתרונות מבחן עבר,תשובות | הסברים,הסברים רשמיים / בנק שאלות ממבחני עבר,https://courses.campus.gov.il/assets/courseware/v1/cc4abdc6515713da413f752731a114ac/asset-v1:MSE+GOV_PsychometryHe+2018_1+type@asset+block/20_פתרונות_מלאים_סתיו_ספטמבר_2021.pdf
דפי עזר קורס מתוגבר,כללי,דפי עזר,כללים | נוסחאות,דף נוסחאות / חומר עזר,https://courses.campus.gov.il/assets/courseware/v1/db2c542991e06f4adc613487f09b44e5/asset-v1:MSE+GOV_PsychometryHe+2018_1+type@asset+block/דפי_עזר_קורס_מתוגבר.pdf
דפי סיכום חשיבה כמותית,חשיבה כמותית,דף סיכום / נוסחאות,נוסחאות | כללים,דף נוסחאות (מקור עיקרי לכמותי),https://courses.campus.gov.il/assets/courseware/v1/1cc54b2362123fe3bbeed5f5673e8134/asset-v1:MSE+GOV_PsychometryHe+2018_1+type@asset+block/דפי_סיכום_חשיבה_כמותית.pdf
קיצורי דרך בגיאומטריה,חשיבה כמותית,דף סיכום / נוסחאות,נוסחאות | כללים,דף נוסחאות (גיאומטריה),https://courses.campus.gov.il/assets/courseware/v1/5ff0c1646780732b8c56649ca24fb231/asset-v1:MSE+GOV_PsychometryHe+2018_1+type@asset+block/קיצורי_דרך_בגיאומטריה.pdf
טבלאות שמומלץ לזכור בעל-פה,חשיבה כמותית,דף סיכום / טבלאות,טבלאות | נוסחאות,דף נוסחאות (טבלאות לשינון),https://courses.campus.gov.il/assets/courseware/v1/a5b729292c8674a29542ed6db9848a1d/asset-v1:MSE+GOV_PsychometryHe+2018_1+type@asset+block/טבלאות_לזכור_בעל-פה.pdf
מבנה מומלץ לחיבור,מטלת כתיבה,מדריך,כללים | מבנה,הנחיות מטלת כתיבה,https://courses.campus.gov.il/assets/courseware/v1/85fb10ddaa717b8bc768a6ada4388a4c/asset-v1:MSE+GOV_PsychometryHe+2018_1+type@asset+block/מבנה_מומלץ_לחיבור.pdf
טבלת תחיליות וסופיות באנגלית,אנגלית,דף סיכום / טבלאות,טבלאות | כללים,חומר עזר (אנגלית),https://courses.campus.gov.il/assets/courseware/v1/257c74644c272966158ae06427540022/asset-v1:MSE+GOV_PsychometryHe+2018_1+type@asset+block/טבלת_תחיליות_וסופיות_באנגלית.pdf
מילון עברית ב-PDF,חשיבה מילולית / עברית,מילון,הגדרות,חומר עזר (מילון עברית),https://courses.campus.gov.il/assets/courseware/v1/67385fabef443c97c4bf1341e04d644c/asset-v1:MSE+GOV_PsychometryHe+2018_1+type@asset+block/HEB_DIC_CAMPUS.pdf
מילון אנגלית ב-PDF,אנגלית,מילון,הגדרות,חומר עזר (מילון אנגלית),https://courses.campus.gov.il/assets/courseware/v1/f1ec9db3b138f58191918b227e0755f4/asset-v1:MSE+GOV_PsychometryHe+2018_1+type@asset+block/ENG_DIC_CAMPUS.pdf
